time,T0,T1,T2,T3,H0
1.037268,31.76,-4.46,2.69,30.63,0.0
2.069252,31.32,-5.88,0.36,30.63,0.0
3.104276,31.54,-5.52,1.08,30.72,0.0
4.136916,31.32,-5.4,1.18,30.72,0.0
5.170048,31.76,-10.26,-4.81,30.72,200.0
6.200736,31.32,-11.53,-6.49,30.91,200.0
7.231236,31.32,-12.26,-6.86,30.82,200.0
8.26568,32.42,-10.96,-5.76,30.72,200.0
9.29918,32.63,-10.26,-5.28,30.82,200.0
10.3359,33.28,-7.61,-1.65,30.72,200.0
11.358028,33.91,-10.26,-4.92,30.72,200.0
12.390944,34.73,-9.58,-4.92,30.82,200.0
13.416412,34.94,-7.11,-1.33,30.82,200.0
14.43706,35.95,-8.25,-2.86,30.82,200.0
15.465864,36.93,-6.61,-1.01,30.82,200.0
16.489592,37.7,-8.91,-5.16,30.91,200.0
17.511124,38.65,-6.73,-2.2,30.82,200.0
18.538228,39.94,-7.74,-4.46,30.82,200.0
19.561296,40.48,-4.69,0.05,31.0,200.0
20.582416,41.19,-4.92,-0.9,30.91,200.0
21.605828,42.59,-4.92,-1.98,31.1,200.0
22.628408,43.45,-2.86,1.59,31.0,200.0
23.646812,43.79,-3.31,0.36,31.0,200.0
24.663684,45.12,-3.09,0.05,31.0,200.0
25.68408,46.42,-3.65,-1.33,31.0,200.0
26.707708,47.22,-0.37,3.09,31.0,200.0
27.725836,47.85,-0.69,3.09,31.0,200.0
28.745792,48.78,-1.01,1.49,31.0,200.0
29.760968,50.01,-0.47,2.19,31.0,200.0
30.779,51.36,-0.9,0.78,31.0,200.0
31.798748,51.95,0.57,2.19,31.19,200.0
32.807732,52.68,1.69,4.06,31.0,200.0
33.821264,53.55,2.49,5.02,31.0,200.0
34.836352,54.55,3.67,5.69,30.91,200.0
35.849164,55.26,3.09,4.93,31.0,200.0
36.863568,56.39,3.38,4.74,31.1,200.0
37.87364,57.08,3.58,4.16,31.1,200.0
38.8843,58.18,5.5,7.46,31.1,200.0
39.895416,58.86,5.12,6.16,31.19,200.0
40.90562,59.67,4.26,4.93,31.19,200.0
41.915452,60.88,6.99,8.55,31.19,200.0
42.929132,61.54,7.73,9.1,31.56,200.0
43.93746,62.46,5.87,6.06,31.38,200.0
44.950152,62.99,7.55,8.28,31.38,200.0
45.963032,63.77,8.65,9.91,31.47,200.0
46.970968,64.94,7.92,7.73,31.47,200.0
47.977564,65.46,10.09,10.98,31.56,200.0
49.009628,66.23,10.27,11.16,31.56,200.0
50.036472,67.12,9.82,9.55,31.75,200.0
51.046856,67.51,10.0,9.37,31.66,200.0
52.066588,68.52,10.62,9.73,31.56,200.0
53.088132,69.16,12.74,13.18,31.66,200.0
54.113744,70.17,10.98,10.09,31.85,200.0
55.143104,71.43,11.95,10.98,31.94,200.0
56.168784,71.68,13.96,14.31,31.94,200.0
57.193408,72.68,12.39,10.8,32.03,200.0
58.225296,73.05,12.92,11.42,32.03,200.0
59.254384,73.68,14.22,13.44,32.22,200.0
60.283128,74.18,15.26,15.01,32.13,200.0
61.30972,75.3,14.75,13.53,32.22,200.0
62.338688,75.68,14.48,12.74,32.32,200.0
63.366552,76.55,16.22,15.35,32.32,200.0
64.397136,77.3,16.65,15.96,32.41,200.0
65.42488,78.05,16.73,15.44,32.41,200.0
66.45188,78.8,16.22,14.14,32.51,200.0
67.479792,79.17,17.77,16.47,32.51,200.0
68.500568,79.67,16.99,14.92,32.6,200.0
69.529208,80.43,18.2,16.65,32.7,200.0
70.561196,81.18,18.45,16.82,32.7,200.0
71.589944,81.68,19.57,18.28,32.79,200.0
72.618424,82.44,19.49,17.77,32.79,200.0
73.643492,82.94,19.06,16.39,32.79,200.0
74.673468,83.45,20.26,18.45,32.79,200.0
75.705236,84.21,20.52,18.71,32.89,200.0
76.735188,84.59,21.47,19.83,32.89,200.0
77.764572,85.6,21.47,19.75,32.98,200.0
78.794272,86.12,21.38,18.71,33.18,200.0
79.820896,86.37,21.73,19.4,33.18,200.0
80.84812,87.27,23.12,21.3,33.27,200.0
81.875936,87.78,22.42,19.57,33.18,200.0
82.903688,88.17,21.99,18.88,33.37,200.0
83.931664,88.95,23.73,21.64,33.46,200.0
84.962056,89.34,24.6,22.42,33.37,200.0
85.993584,89.99,24.96,22.94,33.37,200.0
87.025048,90.38,24.69,22.51,33.37,200.0
88.05646,91.04,24.69,21.82,33.56,200.0
89.08766,91.57,24.96,21.73,33.66,200.0
90.115836,91.96,24.34,20.78,33.66,200.0
91.146808,92.5,25.22,21.73,33.75,200.0
92.177764,92.76,25.75,22.86,33.75,200.0
93.208648,93.43,26.37,23.73,33.85,200.0
94.238644,94.64,27.26,24.6,33.95,200.0
95.270652,94.51,27.62,25.04,33.95,200.0
96.302116,94.78,27.35,24.69,33.95,200.0
97.332852,95.46,27.35,23.9,34.04,195.0
98.362468,95.87,27.08,23.21,34.14,191.0
99.387236,96.41,28.8,26.1,34.14,185.0
100.415124,96.69,27.98,24.52,34.24,182.0
101.4443,97.38,27.8,23.73,34.33,175.0
102.470056,97.38,29.25,26.28,34.33,175.0
103.498608,98.08,29.71,26.91,34.33,168.0
104.526364,98.36,28.43,24.25,34.43,165.0
105.555848,98.78,28.71,24.43,34.33,160.0
106.582648,98.92,30.45,27.62,34.43,158.0
107.61226,99.48,30.17,26.99,34.63,152.0
108.640608,99.34,29.16,24.96,34.53,153.0
109.66882,99.62,29.53,25.31,34.63,150.0
110.69892,99.77,30.08,26.64,34.73,148.0
111.726408,100.05,31.0,27.98,34.82,145.0
112.727824,100.62,30.91,27.8,34.73,138.0
113.765512,100.19,29.71,25.22,34.82,142.0
114.802256,100.48,29.8,25.4,34.82,139.0
115.80528,100.48,31.0,27.44,34.92,138.0
116.842804,100.48,31.19,27.71,34.92,138.0
117.876204,100.48,30.45,26.99,35.02,137.0
118.878096,100.48,29.8,25.75,34.92,137.0
119.878536,100.48,29.53,25.04,35.02,136.0
120.881836,100.62,30.35,26.19,35.12,134.0
121.8819,100.91,30.63,26.73,35.12,131.0
122.917536,100.77,31.47,28.43,35.22,131.0
123.9509,100.77,31.66,28.61,35.22,131.0
124.985404,100.77,31.19,28.07,35.22,130.0
126.021284,100.62,30.17,26.37,35.32,131.0
127.057152,100.62,29.16,24.6,35.32,131.0
128.057224,100.34,29.34,25.04,35.22,133.0
129.058668,100.48,30.26,26.1,35.51,131.0
130.096592,100.48,31.85,28.89,35.42,130.0
131.098504,100.48,31.0,27.8,35.32,130.0
132.100512,100.19,29.99,26.19,35.61,132.0
133.137436,100.05,28.98,24.52,35.51,133.0
134.139684,100.19,30.54,26.73,35.51,131.0
135.175452,100.05,31.19,28.34,35.61,132.0
136.212312,99.91,30.35,27.17,35.61,133.0
137.237044,99.91,29.43,25.31,35.71,132.0
138.262216,99.62,30.45,26.99,35.71,135.0
139.291284,99.62,30.82,27.62,35.71,134.0
140.319112,99.91,29.62,25.66,35.81,131.0
141.346756,99.48,28.8,24.43,35.81,135.0
142.376684,99.34,29.71,26.28,35.81,136.0
143.403792,99.2,30.82,27.8,35.81,137.0
144.433232,99.34,29.53,25.75,36.01,135.0
145.461912,99.2,28.98,24.87,36.01,136.0
146.491572,98.92,29.43,25.48,35.91,138.0
147.521208,98.92,29.8,26.55,36.01,138.0
148.553124,98.92,29.8,26.46,36.01,138.0
149.584208,98.78,30.17,26.99,36.11,139.0
150.609476,98.78,28.52,24.17,36.01,138.0
151.636672,98.64,29.53,26.19,36.11,139.0
152.663484,98.78,30.35,27.35,36.01,137.0
153.690792,98.64,28.61,24.43,36.21,138.0
154.7184,98.5,29.16,25.48,36.21,140.0
155.74824,98.36,29.62,26.55,36.21,141.0
156.776948,98.36,29.99,27.08,36.31,140.0
157.806368,98.5,28.98,25.13,36.31,139.0
158.83556,98.36,28.43,24.34,36.31,140.0
159.864032,98.22,29.43,26.1,36.31,141.0
160.89076,98.36,30.08,27.08,36.31,139.0
161.920992,98.22,28.98,25.31,36.31,140.0
162.950184,98.22,28.43,24.34,36.41,140.0
163.978672,98.22,28.98,25.48,36.31,139.0
165.00876,98.08,29.34,26.37,36.31,140.0
166.03792,97.94,29.89,27.17,36.62,142.0
167.063496,97.8,27.8,23.73,36.41,143.0
168.08962,97.8,29.71,26.82,36.41,142.0
169.115968,98.08,28.71,25.04,36.51,139.0
170.145072,97.8,27.98,23.99,36.62,142.0
171.174336,97.94,29.07,25.57,36.62,140.0
172.202768,97.94,29.62,26.64,36.62,140.0
173.23208,97.94,28.98,25.66,36.62,139.0
174.262104,97.94,28.52,24.87,36.62,139.0
175.2906,97.8,27.98,23.99,36.62,140.0
176.320388,97.66,28.98,25.84,36.62,141.0
177.349176,97.66,29.53,26.55,36.62,141.0
178.378296,97.8,28.71,25.22,36.62,139.0
179.407216,97.8,28.07,24.25,36.82,139.0
180.437256,97.52,28.25,24.52,36.72,142.0
181.46644,97.52,29.07,25.93,36.82,141.0
182.494448,97.52,29.16,26.37,36.82,141.0
183.520328,97.52,27.53,23.55,36.82,141.0
184.547844,97.38,29.07,26.02,36.72,142.0
185.576332,97.38,29.34,26.46,36.92,142.0
186.604872,97.52,28.07,24.34,36.92,140.0
187.634068,97.38,27.71,23.9,36.92,141.0
188.658668,97.38,29.71,26.99,36.92,141.0
189.6842,97.1,27.62,23.64,36.92,144.0
190.710612,97.38,28.98,25.84,36.82,141.0
191.739448,97.24,29.43,26.46,36.92,142.0
192.767532,97.38,27.98,24.17,37.02,140.0
193.79304,97.38,28.61,25.48,37.12,140.0
194.819612,97.38,28.98,26.02,37.02,140.0
195.850292,97.38,28.52,24.96,37.02,140.0
196.880028,97.1,27.89,24.08,37.12,142.0
197.905532,97.1,28.98,25.93,37.02,142.0
198.93398,97.24,29.07,26.28,37.02,140.0
199.963108,97.38,28.16,24.43,37.33,139.0
200.988924,97.24,28.61,25.22,37.22,140.0
202.016856,97.24,29.16,26.28,37.12,140.0
203.043104,97.1,27.89,23.9,37.12,141.0
204.067168,97.1,28.89,26.02,37.22,141.0
205.094492,97.1,28.43,25.04,37.22,140.0
206.122652,97.1,27.71,23.82,37.12,140.0
207.145788,97.1,29.71,26.91,37.22,140.0
208.1703,97.1,27.17,23.21,37.22,140.0
209.193232,97.1,29.53,26.73,37.33,139.0
210.219052,97.1,27.35,23.47,37.22,139.0
211.243588,97.24,29.43,26.55,37.33,138.0
212.271228,96.97,28.07,24.34,37.43,140.0
213.297868,96.97,27.89,24.08,37.33,140.0
214.325728,96.97,28.98,26.1,37.33,140.0
215.354032,97.24,28.43,25.04,37.43,137.0
216.380044,96.83,27.17,23.21,37.33,141.0
217.402452,97.1,28.8,25.57,37.33,138.0
218.430112,96.83,27.62,23.64,37.53,140.0
219.45854,97.1,28.52,25.31,37.43,137.0
220.483348,97.1,28.34,24.96,37.53,137.0
221.508932,96.83,27.62,23.64,37.43,140.0
222.536628,96.97,28.8,25.93,37.53,138.0
223.566404,96.97,28.98,26.28,37.53,138.0
224.595664,96.83,28.07,24.52,37.53,139.0
225.624704,96.69,27.53,23.55,37.53,140.0
226.653832,96.55,28.25,24.96,37.53,142.0
227.683788,96.69,28.52,25.48,37.53,140.0
228.714368,96.83,28.61,25.66,37.63,139.0
229.74308,96.69,28.07,24.69,37.63,140.0
230.7723,96.83,27.89,24.08,37.63,138.0
231.801496,96.69,27.35,23.55,37.63,139.0
232.829988,96.55,28.43,25.31,37.63,141.0
233.856476,96.83,28.34,25.04,37.63,138.0
234.885968,96.69,27.98,24.25,37.63,139.0
235.914284,96.69,27.53,23.55,37.63,139.0
236.942668,96.69,28.61,25.48,37.74,139.0
237.969588,96.97,28.34,25.31,37.74,136.0
238.994604,96.69,27.26,23.29,37.84,138.0
240.022948,96.83,28.52,25.48,37.74,137.0
241.050184,96.83,28.34,25.57,37.74,136.0
242.076996,96.69,27.44,23.47,37.84,138.0
243.102692,96.69,28.8,25.84,37.74,137.0
244.130496,96.83,28.43,25.57,37.74,136.0
245.157312,96.83,27.44,23.55,37.84,136.0
246.184804,96.83,28.34,25.22,37.84,136.0
247.213976,96.69,28.71,25.84,37.84,137.0
248.239884,96.69,27.71,24.08,37.84,137.0
249.264596,96.55,28.43,25.31,37.74,138.0
250.291456,96.69,28.89,26.02,37.84,136.0
251.322164,96.69,28.07,24.78,37.94,136.0
252.349512,96.55,27.44,23.64,37.94,137.0
253.374996,96.55,28.52,25.75,37.94,137.0
254.403036,96.55,28.43,25.75,37.94,137.0
255.430076,96.55,27.35,23.55,37.84,137.0
256.457596,96.41,27.98,24.6,38.05,138.0
257.48678,96.55,28.43,25.4,38.05,137.0
258.517896,96.41,28.52,25.57,38.05,138.0
259.547984,96.41,28.8,25.93,38.05,138.0
260.579468,96.55,28.61,25.84,38.05,136.0
261.610844,96.69,28.16,25.31,38.05,135.0
262.64058,96.55,27.8,24.25,38.15,136.0
263.67046,96.28,27.53,23.73,38.15,138.0
264.698156,96.28,28.16,24.87,38.05,138.0
265.728148,96.41,28.16,25.04,38.15,137.0
266.754436,96.41,27.89,24.43,38.15,137.0
267.779264,96.28,27.44,23.55,38.25,138.0
268.80926,96.14,27.8,24.69,38.15,139.0
269.83662,96.28,28.8,26.02,38.15,138.0
270.868988,96.14,28.8,25.93,38.15,139.0
271.898268,96.55,27.89,24.43,38.25,135.0
272.927916,96.41,27.62,23.9,38.15,136.0
273.9553,96.41,27.89,24.6,38.15,136.0
274.982676,96.28,28.71,25.93,38.25,137.0
276.01092,96.41,27.8,24.43,38.25,135.0
277.039264,96.41,27.26,23.47,38.36,135.0
278.065644,96.69,28.34,25.4,38.46,132.0
279.096352,96.28,28.34,25.48,38.36,136.0
280.127184,96.28,28.61,25.84,38.36,136.0
281.157416,96.41,27.98,25.04,38.36,135.0
282.186176,96.28,27.53,23.82,38.36,136.0
283.216208,96.14,27.17,23.38,38.25,137.0
284.24052,96.28,28.89,26.1,38.36,136.0
285.271688,96.41,28.61,25.75,38.46,134.0
286.29836,96.14,27.17,23.29,38.36,137.0
287.32232,96.28,28.52,25.75,38.46,135.0
288.353228,96.14,28.43,25.66,38.46,137.0
289.380776,96.14,27.26,23.82,38.46,136.0
290.408752,95.87,26.91,23.03,38.36,139.0
291.438008,96.0,27.89,24.96,38.46,138.0
292.468672,96.14,27.98,25.04,38.46,136.0
293.497064,96.14,28.43,25.57,38.46,136.0
294.52478,96.14,27.35,23.55,38.46,136.0
295.552656,96.14,27.26,23.55,38.57,136.0
296.580136,96.28,28.43,25.66,38.57,134.0
297.610048,96.28,28.52,25.75,38.46,134.0
298.64028,96.55,27.8,24.69,38.57,131.0
299.668664,96.28,27.44,23.73,38.57,134.0
300.69482,96.28,28.07,25.22,38.57,134.0
301.7247,96.0,28.16,25.31,38.57,136.0
302.75354,96.28,28.52,25.75,38.57,134.0
303.78308,96.41,27.8,24.43,38.57,132.0
304.809968,96.14,26.99,23.12,38.46,135.0
305.837572,96.14,28.25,25.4,38.67,135.0
306.86678,96.28,28.52,25.75,38.67,133.0
307.896256,96.14,27.98,24.69,38.67,134.0
308.922516,96.14,26.91,23.03,38.67,134.0
309.949068,96.14,28.34,25.48,38.67,134.0
310.976328,96.28,28.07,25.22,38.67,133.0
312.00632,96.14,27.89,24.52,38.67,134.0
313.032916,96.14,27.08,23.12,38.77,134.0
314.057432,96.28,29.16,26.46,38.67,132.0
315.08622,96.28,27.89,24.43,38.77,132.0
316.113184,96.14,27.08,23.12,38.67,133.0
317.13922,96.28,28.43,25.75,38.88,132.0
318.169972,96.28,28.43,25.57,38.88,132.0
319.20076,96.14,28.61,25.66,38.77,133.0
320.22664,96.28,27.08,23.21,38.77,132.0
321.253712,96.14,27.89,24.78,38.77,133.0
322.277844,96.14,27.89,24.69,38.77,133.0
323.303052,95.87,27.26,23.38,38.77,135.0
324.32976,96.0,28.34,25.57,38.88,134.0
325.360812,96.0,28.25,25.4,38.98,134.0
326.393716,96.0,28.07,25.13,38.88,134.0
327.424204,96.0,28.43,25.57,38.88,134.0
328.455252,96.14,28.34,25.66,38.88,132.0
329.485024,96.41,27.71,24.34,38.98,129.0
330.509948,95.87,27.35,23.64,38.88,135.0
331.539112,96.0,27.89,24.96,38.98,133.0
332.569804,95.73,27.98,25.04,38.88,136.0
333.599472,96.0,28.34,25.57,38.98,133.0
334.63046,96.0,28.25,25.4,38.98,133.0
335.663548,96.14,28.61,25.84,38.98,131.0
336.690676,95.87,27.26,23.55,38.98,134.0
337.719904,95.87,26.82,23.03,39.09,134.0
338.750568,95.73,27.17,23.47,38.98,135.0
339.77512,95.73,28.71,26.1,39.09,135.0
340.802584,96.0,27.17,23.64,39.2,132.0
341.830964,95.59,26.91,23.12,39.09,136.0
342.860152,95.73,27.8,24.78,39.09,135.0
343.888608,95.87,28.16,25.4,39.09,133.0
344.91814,95.87,27.71,24.87,39.2,133.0
345.943376,95.73,26.55,22.68,39.09,135.0
346.974472,95.73,27.08,23.29,39.2,135.0
348.004264,95.59,27.53,24.43,39.2,136.0
349.033744,95.73,27.98,25.13,39.09,134.0
350.061024,95.87,27.53,24.43,39.09,133.0
351.08908,95.73,26.91,23.21,39.2,134.0
352.116176,96.28,27.8,24.69,39.2,129.0
353.147476,95.46,27.53,24.52,39.41,137.0
354.17378,96.0,27.71,24.52,39.3,131.0
355.200868,95.87,26.73,23.03,39.3,133.0
356.229736,95.73,27.53,24.25,39.2,134.0
357.258316,95.87,28.25,25.48,39.09,132.0
358.289488,95.87,27.98,25.22,39.3,132.0
359.319308,96.0,28.25,25.4,39.3,131.0
360.351248,96.0,28.16,25.31,39.3,131.0
361.380156,95.87,27.44,23.82,39.3,132.0
362.408528,95.87,26.82,23.12,39.3,132.0
363.437748,95.73,27.8,24.87,39.41,133.0
364.463524,95.87,28.07,25.4,39.41,132.0
365.491852,95.73,27.17,23.64,39.3,133.0
366.5171,95.59,27.89,24.96,39.41,134.0
367.544704,95.87,28.43,25.66,39.41,132.0
368.572944,95.73,27.26,23.64,39.41,133.0
369.59872,95.73,27.71,24.52,39.41,133.0
370.622352,95.87,27.44,24.08,39.41,131.0
371.647556,95.73,27.44,24.08,39.41,133.0
372.673288,95.73,28.52,25.75,39.51,133.0
373.701208,95.73,27.17,23.64,39.41,132.0
374.724656,95.73,28.07,25.4,39.41,132.0
375.752444,95.73,27.62,24.87,39.51,132.0
376.77836,95.73,26.64,22.86,39.41,132.0
377.806272,95.73,27.89,24.96,39.51,132.0
378.833344,95.87,27.98,25.22,39.51,131.0
379.860216,95.87,26.99,23.21,39.62,131.0
380.887536,95.87,27.89,24.96,39.51,131.0
381.91368,96.0,27.89,25.13,39.51,129.0
382.94278,95.87,27.35,23.82,39.51,130.0
383.971428,95.73,26.73,23.12,39.51,132.0
384.997052,96.0,28.52,25.84,39.62,129.0
386.030052,95.73,27.98,25.22,39.62,131.0
387.05772,96.14,27.44,24.17,39.62,127.0
388.080868,95.73,27.53,24.43,39.62,131.0
389.106856,95.87,27.71,24.6,39.62,130.0
390.134116,95.73,26.91,23.12,39.62,131.0
391.159736,95.59,28.16,25.31,39.62,132.0
392.188596,95.73,28.16,25.57,39.62,131.0
393.215124,96.14,26.73,23.12,39.83,127.0
394.240388,95.59,28.07,25.31,39.83,132.0
395.269852,95.73,28.34,25.57,39.73,131.0
396.295468,95.59,26.55,22.86,39.83,132.0
397.327476,95.59,26.82,23.21,39.83,132.0
398.357604,95.46,26.99,23.38,39.83,133.0
399.387736,95.46,27.44,24.34,39.73,133.0
400.413452,95.59,27.71,25.04,39.83,132.0
401.441304,95.59,26.99,23.21,39.94,132.0
402.4706,95.46,26.82,23.03,39.83,133.0
403.501484,95.32,27.17,23.9,39.73,134.0
404.527044,95.59,28.34,25.84,39.83,132.0
405.55792,95.59,27.62,24.78,39.94,132.0
406.586192,95.46,26.99,23.38,39.83,133.0
407.616292,95.46,26.64,23.03,39.83,133.0
408.646444,95.46,27.08,23.38,39.83,133.0
409.676044,95.73,27.53,24.6,39.73,130.0
410.703924,95.46,28.25,25.48,39.94,133.0
411.734428,95.46,27.8,24.96,39.94,133.0
412.763732,95.46,27.17,23.64,39.83,133.0
413.789676,95.32,27.26,23.73,39.94,134.0
414.81684,95.46,27.98,25.31,39.94,132.0
415.844788,95.46,27.44,24.17,40.05,132.0
416.87172,95.32,26.46,22.77,39.94,134.0
417.8989,95.46,27.62,24.69,39.94,132.0
418.927732,95.46,27.89,25.13,39.94,132.0
419.9556,95.32,27.26,24.08,39.94,134.0
420.98474,95.46,26.99,23.38,40.05,132.0
422.016452,95.46,27.08,23.38,40.05,132.0
423.047772,95.46,27.08,23.47,39.94,132.0
424.075736,95.18,27.44,24.25,40.05,135.0
425.105,95.32,27.71,24.87,39.94,133.0
426.12994,95.46,27.17,23.82,39.94,132.0
427.156456,95.32,26.64,22.77,40.05,133.0
428.18548,95.18,27.53,24.6,40.15,135.0
429.214024,95.32,27.98,25.22,40.26,133.0
430.2446,95.59,28.25,25.4,40.15,131.0
431.2747,95.59,27.53,24.17,40.15,130.0
432.301772,95.59,26.64,22.94,40.05,130.0
433.334216,95.46,26.91,23.29,40.15,132.0
434.36288,95.32,27.26,24.08,40.15,133.0
435.392192,95.59,27.62,24.69,40.15,130.0
436.421796,95.46,27.98,25.22,40.15,132.0
437.451364,95.59,27.8,24.96,40.26,130.0
438.483048,95.46,27.71,25.04,40.15,132.0
439.509688,95.73,26.73,23.03,40.26,129.0
440.538816,95.46,27.26,23.64,40.26,131.0
441.56698,95.59,27.8,25.04,40.26,130.0
442.59946,95.46,27.35,24.52,40.26,131.0
443.628012,95.59,28.25,25.57,40.26,130.0
444.660304,95.46,28.25,25.48,40.37,131.0
445.689424,95.46,27.35,24.08,40.37,131.0
446.716944,95.59,26.73,22.94,40.37,130.0
447.746136,95.59,27.26,23.64,40.37,130.0
448.77536,95.46,27.53,24.6,40.37,131.0
449.80262,95.59,28.07,25.48,40.26,130.0
450.83474,95.59,28.16,25.48,40.26,129.0
451.865776,95.46,27.53,24.69,40.37,131.0
452.892436,95.32,26.55,22.86,40.37,132.0
453.923272,95.46,26.64,23.03,40.37,131.0
454.951448,95.32,27.53,24.69,40.48,132.0
455.98088,95.59,27.62,25.04,40.48,129.0
457.011904,95.46,27.89,25.13,40.48,131.0
458.039128,95.46,27.08,23.73,40.48,131.0
459.06664,95.32,26.46,22.68,40.48,132.0
460.097812,95.46,26.55,22.86,40.48,130.0
461.13036,95.32,26.55,22.94,40.48,132.0
462.161652,95.46,26.64,22.86,40.48,130.0
463.193272,95.32,26.82,23.21,40.48,132.0
464.22336,95.73,27.35,24.25,40.48,128.0
465.252344,95.46,27.8,25.13,40.48,130.0
466.282344,95.59,28.16,25.4,40.37,129.0
467.312312,95.59,27.53,24.43,40.48,129.0
468.341512,95.59,27.17,23.55,40.48,129.0
469.369704,95.59,26.64,23.03,40.48,129.0
470.40122,95.59,26.73,23.03,40.48,129.0
471.431792,95.59,27.26,23.9,40.69,129.0
472.463032,95.59,27.26,24.08,40.59,128.0
473.49472,95.46,27.17,23.9,40.48,130.0
474.522944,95.59,27.98,25.13,40.48,128.0
475.552608,95.59,28.25,25.48,40.59,128.0
476.585624,95.59,28.16,25.4,40.69,128.0
477.6172,95.73,28.25,25.48,40.69,127.0
478.646936,95.73,27.62,24.69,40.59,127.0
479.674848,95.59,26.91,23.21,40.59,128.0
480.704528,95.46,26.73,23.12,40.69,129.0
481.73314,95.32,27.44,24.34,40.69,131.0
482.759928,95.59,28.34,25.66,40.69,128.0
483.792136,95.73,28.07,25.31,40.69,126.0
484.82098,95.59,27.44,24.25,40.69,128.0
485.850964,95.46,27.26,23.73,40.8,129.0
486.880172,95.46,26.82,23.21,40.8,129.0
487.911412,95.59,26.64,23.03,40.8,128.0
488.944332,95.73,26.91,23.29,40.8,126.0
489.973988,95.46,26.91,23.29,40.8,129.0
491.004816,95.46,27.17,23.99,40.69,129.0
492.032208,95.46,28.07,25.31,40.8,129.0
493.062768,95.59,28.25,25.48,40.69,127.0
494.094068,95.59,28.16,25.4,40.91,127.0
495.122912,95.46,27.17,23.64,40.8,129.0
496.150832,95.46,26.55,22.86,40.8,129.0
497.183864,95.46,26.82,23.12,40.8,129.0
498.214992,95.46,26.46,22.77,40.91,128.0
499.242532,95.32,27.98,25.22,40.8,130.0
500.274768,95.46,27.44,24.52,40.91,128.0
501.302876,95.73,28.34,25.84,40.91,126.0
502.331724,95.46,27.17,23.73,40.91,128.0
503.356596,95.46,27.26,23.99,40.91,128.0
504.38584,95.32,27.89,25.22,40.8,130.0
505.418124,95.32,27.62,24.78,40.91,130.0
506.446356,95.46,27.89,25.22,41.02,128.0
507.47578,95.59,27.17,23.82,41.02,127.0
508.501432,95.18,27.08,23.73,41.02,131.0
509.527004,95.46,28.43,25.84,41.02,128.0
510.556908,95.32,27.26,23.99,40.91,129.0
511.585884,95.32,26.82,23.12,41.02,129.0
512.6151,95.32,26.64,22.86,40.91,129.0
513.645356,95.46,27.35,24.25,41.02,128.0
514.674284,95.32,27.8,25.22,41.02,129.0
515.704356,95.46,28.16,25.48,41.02,128.0
516.733544,95.46,27.08,23.64,41.24,128.0
517.761716,95.46,26.46,22.77,41.02,128.0
518.789244,95.32,27.89,25.13,41.13,129.0
519.814928,95.46,27.53,24.43,41.13,128.0
520.840704,95.32,26.28,22.42,41.13,129.0
521.868792,95.46,27.89,25.04,41.13,128.0
522.8962,95.32,27.62,24.87,41.02,129.0
523.923908,95.46,26.73,22.94,41.24,127.0
524.949844,95.46,27.8,25.13,41.13,127.0
525.974616,95.46,27.26,23.82,41.35,127.0
527.001724,95.46,26.37,22.68,41.13,127.0
528.027172,95.46,28.61,26.02,41.13,127.0
529.053516,95.46,26.82,23.03,41.24,127.0
530.081832,95.18,26.55,22.6,41.13,130.0
531.110476,95.46,27.71,24.87,41.13,127.0
532.131808,95.59,26.46,22.51,41.02,126.0
533.160896,95.18,27.35,23.82,41.13,130.0
534.187288,95.32,28.43,25.93,41.24,128.0
535.216488,95.46,27.35,24.17,41.24,127.0
536.23992,95.32,27.35,24.08,41.24,128.0
537.268588,95.46,27.89,25.31,41.13,127.0
538.292748,95.32,26.46,22.6,41.13,128.0
539.321604,95.32,26.73,22.86,41.35,128.0
540.350536,95.32,27.53,24.69,41.24,128.0
541.378312,95.46,28.34,25.93,41.24,127.0
542.405616,95.32,27.08,23.21,41.35,128.0
543.433528,95.32,26.46,22.6,41.35,128.0
544.463588,95.18,27.35,24.25,41.46,129.0
545.490312,95.32,28.25,25.66,41.24,128.0
546.520432,95.32,27.44,24.52,41.35,128.0
547.547968,95.46,26.64,22.68,41.35,127.0
548.576064,95.18,27.17,23.82,41.35,129.0
549.600888,95.32,28.25,26.02,41.35,128.0
550.631936,95.59,27.62,25.04,41.24,125.0
551.661124,95.46,27.08,23.55,41.35,126.0
552.690236,95.32,26.64,23.03,41.46,128.0
553.71936,95.46,27.17,23.64,41.46,126.0
554.743844,95.59,28.34,26.1,41.57,125.0
555.771696,95.59,26.99,23.38,41.46,125.0
556.80088,95.46,26.64,22.94,41.35,126.0
557.829556,95.32,27.44,24.25,41.35,128.0
558.857028,95.59,28.34,25.75,41.46,125.0
559.88554,95.46,27.71,24.69,41.46,126.0
560.910172,95.32,26.46,22.42,41.57,127.0
561.936848,95.59,28.07,25.57,41.35,125.0
562.965972,95.32,28.25,25.75,41.57,127.0
563.992984,95.46,26.73,22.94,41.46,126.0
565.020096,95.18,27.17,23.82,41.46,129.0
566.04466,95.59,28.34,25.84,41.57,124.0
567.072616,95.73,26.91,23.29,41.46,123.0
568.098828,95.32,27.26,24.17,41.57,127.0
569.122016,95.46,27.53,24.34,41.57,126.0
570.147912,95.18,26.37,22.42,41.46,128.0
571.17448,95.46,28.07,25.48,41.46,126.0
572.203292,95.32,28.07,25.4,41.68,127.0
573.231844,95.46,26.99,23.47,41.57,126.0
574.258308,95.59,27.08,23.47,41.68,124.0
575.285708,95.46,28.07,25.57,41.57,125.0
576.312984,95.59,27.35,24.25,41.57,124.0
577.33998,95.46,26.46,22.42,41.57,125.0
578.367868,95.46,27.71,24.78,41.57,125.0
579.391152,95.18,27.17,23.73,41.68,128.0
580.414832,95.32,27.44,24.52,41.9,127.0
581.441516,95.32,28.16,25.84,41.57,127.0
582.467812,95.32,26.37,22.6,41.68,126.0
583.497172,95.18,26.46,22.77,41.68,128.0
584.523616,95.18,27.98,25.48,41.79,128.0
585.55024,95.32,27.17,23.82,41.79,126.0
586.574888,95.05,26.99,23.64,41.68,129.0
587.605056,95.73,27.26,24.34,41.79,122.0
588.629908,95.32,27.26,23.99,41.9,126.0
589.658652,95.32,26.64,22.77,41.68,126.0
590.685784,95.18,27.53,24.6,41.79,128.0
591.712504,95.18,28.25,25.66,41.9,128.0
592.742776,95.32,27.17,23.99,41.79,126.0
593.767048,95.05,26.99,23.29,41.79,129.0
594.796236,95.32,27.62,24.87,41.9,126.0
595.823928,95.18,27.89,25.48,41.9,128.0
596.852364,95.18,26.91,23.21,41.9,127.0
597.877668,95.05,27.26,24.34,41.79,129.0
598.904704,95.87,28.34,25.93,41.79,121.0
599.9304,95.05,26.02,22.16,41.79,129.0
600.959576,95.05,26.99,23.55,41.9,129.0
601.990928,95.05,26.99,23.82,41.9,129.0
603.022076,95.05,27.17,24.25,42.01,129.0
604.0493,94.91,28.07,25.57,41.79,130.0
605.075,95.05,26.1,22.25,42.01,129.0
606.105788,95.18,26.37,22.6,41.9,127.0
607.133024,95.32,27.98,25.57,41.9,126.0
608.161376,95.32,27.26,24.6,42.01,126.0
609.190608,95.32,27.08,23.47,41.9,126.0
610.21854,95.18,26.64,22.86,42.01,127.0
611.24668,95.32,27.71,24.96,41.9,126.0
612.272692,95.46,27.26,23.82,42.01,124.0
613.301464,95.59,26.73,23.12,42.13,123.0
614.328124,95.32,27.71,24.96,42.01,126.0
615.354256,95.46,27.35,24.08,42.01,124.0
616.383,95.46,26.82,23.29,42.01,124.0
617.412604,95.46,26.55,22.86,42.13,124.0
618.442372,95.18,27.35,24.25,42.01,127.0
619.469084,95.46,28.07,25.57,42.13,124.0
620.496652,95.32,26.82,23.12,42.13,126.0
621.525204,94.91,27.08,23.47,42.13,130.0
622.550984,95.32,28.43,26.02,42.13,125.0
623.581044,95.46,27.17,23.9,42.13,124.0
624.60642,95.18,26.55,22.77,42.01,127.0
625.632584,95.05,28.07,25.57,42.24,128.0
626.663208,95.18,27.71,25.04,42.13,127.0
627.687092,95.18,26.64,22.77,42.01,127.0
628.71232,95.18,28.34,25.75,42.24,127.0
629.739548,95.18,26.73,23.03,42.13,127.0
630.7656,95.18,27.53,24.52,42.24,127.0
631.792632,95.59,27.89,25.48,42.13,123.0
632.821172,95.32,26.99,23.47,42.24,125.0
633.850396,95.05,26.46,22.68,42.24,128.0
634.882168,95.59,26.46,22.68,42.13,122.0
635.912032,95.05,27.17,24.17,42.24,128.0
636.937088,95.32,27.44,24.34,42.24,125.0
637.964704,95.18,26.64,22.94,42.35,126.0
638.994056,95.18,27.08,23.47,42.24,126.0
640.021528,95.18,27.8,25.22,42.24,126.0
641.051244,95.46,27.89,25.31,42.24,124.0
642.0789,95.32,26.82,23.12,42.13,125.0
643.107416,95.05,26.64,22.94,42.35,128.0
644.13892,95.05,27.08,23.47,42.35,128.0
645.168868,95.18,27.35,24.52,42.35,126.0
646.197736,95.18,27.89,25.13,42.35,126.0
647.225484,95.32,26.99,23.47,42.24,125.0
648.254176,95.32,26.64,22.94,42.35,125.0
649.284604,95.18,26.64,22.86,42.35,126.0
650.314688,95.05,27.17,24.08,42.35,128.0
651.343448,95.18,27.71,24.96,42.24,126.0
652.36904,95.32,26.91,23.47,42.35,125.0
653.397112,95.32,26.46,22.68,42.35,125.0
654.428324,95.18,26.91,23.29,42.35,126.0
655.456892,95.32,27.62,24.87,42.46,125.0
656.485152,95.32,28.07,25.48,42.35,125.0
657.515988,95.32,27.53,24.43,42.35,125.0
658.545148,95.32,27.17,23.55,42.35,125.0
659.57276,95.18,26.82,23.12,42.35,126.0
660.601612,95.05,27.53,24.6,42.35,127.0
661.630912,95.18,27.89,25.22,42.69,126.0
662.660148,95.46,27.26,24.17,42.46,123.0
663.686192,95.18,26.37,22.6,42.24,126.0
664.71502,95.05,27.44,24.43,42.35,127.0
665.742536,95.32,28.16,25.48,42.35,124.0
666.772184,95.05,27.35,24.25,42.46,127.0
667.801192,95.59,27.08,23.47,42.46,122.0
668.83002,95.46,26.46,22.77,42.46,123.0
669.857332,95.32,27.71,25.04,42.57,124.0
670.883412,95.46,27.35,24.17,42.46,123.0
671.909292,95.46,26.46,22.6,42.69,123.0
672.940108,94.91,27.08,23.82,42.46,128.0
673.968712,95.46,27.62,24.96,42.46,123.0
674.997564,95.46,28.07,25.4,42.57,123.0
676.02708,95.32,27.17,23.73,42.46,124.0
677.051676,95.32,27.08,23.82,42.57,124.0
678.081048,95.32,27.44,24.52,42.46,124.0
679.108996,95.46,28.07,25.57,42.57,123.0
680.137312,95.32,27.08,23.64,42.57,124.0
681.165976,95.18,26.46,22.94,42.57,125.0
682.1944,94.91,27.44,24.43,42.69,128.0
683.220596,95.32,28.16,25.57,42.69,124.0
684.249516,95.32,27.26,23.99,42.69,124.0
685.27884,95.18,26.73,23.03,42.57,125.0
686.306844,95.46,26.91,23.21,42.69,123.0
687.334848,95.18,27.8,25.13,42.69,125.0
688.363496,95.32,28.25,25.48,42.69,124.0
689.394608,95.32,27.89,25.22,42.57,124.0
690.42338,95.32,27.08,23.47,42.69,124.0
691.451728,95.05,26.28,22.42,42.69,126.0
692.483744,95.05,26.28,22.51,42.69,126.0
693.51508,95.18,26.37,22.6,42.57,125.0
694.543712,95.32,27.71,24.96,42.57,124.0
695.569,95.32,27.44,24.25,42.57,124.0
696.596176,95.59,26.46,22.68,42.57,121.0
697.625188,95.32,27.08,23.38,42.69,124.0
698.655,95.32,27.35,24.52,42.8,124.0
699.68486,95.46,27.71,25.22,42.8,122.0
700.713064,95.46,27.8,25.22,42.8,122.0
701.744568,95.87,27.62,24.87,42.8,118.0
702.771804,95.59,26.73,22.94,42.69,121.0
703.800024,95.18,27.35,23.99,42.69,125.0
704.828932,95.32,27.8,25.22,42.91,123.0
705.858252,95.59,28.25,25.75,42.8,120.0
706.890852,95.46,28.07,25.48,42.91,122.0
707.920028,95.59,27.53,24.52,42.69,120.0
708.950756,95.32,27.35,23.99,42.69,123.0
709.979872,95.46,26.91,23.29,42.8,122.0
711.010024,95.18,26.55,22.86,42.69,124.0
712.040436,95.32,27.17,23.47,42.8,123.0
713.066212,95.46,28.43,25.93,43.03,122.0
714.096644,95.32,28.07,25.31,42.69,123.0
715.125848,95.73,27.08,23.55,42.91,119.0
716.152528,95.18,27.26,23.47,42.69,124.0
717.179236,95.32,28.43,25.93,42.91,123.0
718.20844,95.46,27.62,24.6,42.91,121.0
719.235548,95.32,26.37,22.51,42.91,123.0
720.262528,95.18,27.53,24.78,42.91,124.0
721.288076,95.32,27.44,24.52,42.8,123.0
722.317224,95.18,26.73,23.03,42.91,124.0
723.34424,95.05,27.17,23.9,42.8,125.0
724.373412,95.05,27.62,24.96,42.8,125.0
725.40494,95.05,27.53,24.96,42.91,125.0
726.434252,95.18,27.98,25.57,42.91,124.0
727.460692,95.05,26.28,22.51,43.14,125.0
728.489904,95.05,26.55,22.77,43.03,125.0
729.520196,95.05,27.26,24.17,42.8,125.0
730.548916,94.78,27.71,25.13,42.8,128.0
731.574444,95.05,26.73,23.12,43.03,125.0
732.603996,95.32,26.46,22.86,43.03,123.0
733.634788,95.05,26.19,22.42,42.91,125.0
734.6641,95.05,27.17,24.25,42.91,125.0
735.690944,95.05,28.34,26.02,43.03,125.0
736.723592,95.18,28.16,25.66,43.03,124.0
737.75274,95.32,27.35,24.34,43.03,122.0
738.7817,95.18,26.99,23.21,43.03,124.0
739.809956,94.91,26.73,22.86,43.03,127.0
740.836908,95.46,28.07,25.57,42.91,121.0
741.863768,95.32,26.99,23.73,43.03,122.0
742.89324,95.46,26.82,23.21,42.91,121.0
743.920136,95.18,27.44,24.25,43.03,124.0
744.947564,95.32,28.16,25.75,43.26,122.0
745.976488,95.46,27.35,24.34,43.14,121.0
747.00146,95.18,26.19,22.25,43.14,124.0
748.028156,95.05,27.98,25.48,43.14,125.0
749.05736,95.18,27.98,25.31,43.03,124.0
750.084668,95.32,26.55,22.86,43.14,122.0
751.114204,95.18,26.28,22.42,43.03,124.0
752.144036,95.18,26.91,23.55,43.26,123.0
753.172828,95.18,27.53,24.87,43.14,123.0
754.197868,95.32,26.99,23.73,43.26,122.0
755.227196,95.18,26.64,22.86,43.14,123.0
756.254988,95.18,27.44,24.25,43.14,123.0
757.280412,95.18,28.25,25.84,43.14,123.0
758.30878,95.18,26.91,23.55,43.14,123.0
759.335428,95.18,26.73,22.94,43.14,123.0
760.361388,95.32,28.34,25.93,43.37,122.0
761.390596,95.18,27.44,24.43,43.14,123.0
762.415148,95.05,26.37,22.34,43.14,125.0
763.4433,95.32,27.62,24.87,43.26,122.0
764.471696,95.32,28.16,25.57,43.37,122.0
765.499124,95.32,26.99,23.29,43.14,122.0
766.528016,95.32,26.37,22.51,43.26,122.0
767.556528,95.46,27.44,24.6,43.26,120.0
768.585756,95.32,27.89,25.4,43.37,122.0
769.61436,95.46,27.62,24.96,43.37,120.0
770.64256,95.46,26.82,23.03,43.14,120.0
771.67238,95.18,26.55,22.86,43.37,123.0
772.701516,95.18,27.17,23.9,43.26,123.0
773.727716,95.18,28.25,25.84,43.37,123.0
774.756488,95.46,27.26,24.17,43.26,120.0
775.783708,95.18,26.28,22.42,43.37,123.0
776.811828,95.18,27.17,24.25,43.37,123.0
777.83596,95.32,27.44,24.25,43.37,121.0
778.861544,95.05,26.28,22.51,43.26,124.0
779.8922,95.18,27.08,23.9,43.48,123.0
780.921448,95.18,27.44,24.69,43.48,123.0
781.948196,95.32,27.53,24.87,43.37,121.0
782.973372,95.18,25.84,21.99,43.48,123.0
784.001344,94.91,27.62,24.78,43.26,125.0
785.02796,95.18,27.8,25.13,43.37,123.0
786.054304,95.18,26.19,22.42,43.48,123.0
787.081992,95.05,27.17,24.08,43.6,124.0
788.110568,95.18,27.8,25.31,43.48,123.0
789.13808,95.32,27.17,24.25,43.48,121.0
790.163216,95.32,26.28,22.34,43.48,121.0
791.192148,95.18,27.35,24.52,43.48,123.0
792.220072,95.32,28.16,25.66,43.48,121.0
793.248436,95.32,27.08,23.82,43.6,121.0
794.277756,95.18,26.82,23.03,43.6,123.0
795.308484,95.18,26.64,22.94,43.37,122.0
796.336092,95.05,27.44,24.6,43.48,124.0
797.364932,95.05,27.8,25.13,43.37,124.0
798.392972,95.46,27.44,24.52,43.6,120.0
799.422296,95.18,27.08,23.64,43.6,122.0
800.451488,95.46,26.37,22.68,43.6,120.0
801.482292,95.05,26.19,22.51,43.6,124.0
802.5116,95.05,27.17,24.25,43.48,124.0
803.538684,95.05,28.16,25.66,43.6,124.0
804.569804,95.05,27.98,25.31,43.48,124.0
805.598588,95.18,26.91,23.38,43.6,122.0
806.62776,94.91,26.55,22.86,43.6,125.0
807.658284,95.59,26.19,22.42,43.6,118.0
808.687204,94.91,27.26,24.34,43.6,125.0
809.714648,95.18,28.25,25.75,43.72,122.0
810.743124,95.18,27.17,23.9,43.6,122.0
811.770076,95.18,26.19,22.42,43.6,122.0
812.799148,95.05,27.26,24.08,43.72,124.0
813.828712,95.05,27.44,24.78,43.48,124.0
814.856124,95.18,27.71,25.13,43.72,122.0
815.879744,95.18,26.37,22.6,43.72,122.0
816.907788,95.18,27.8,25.04,43.72,122.0
817.936704,96.0,28.25,25.75,43.83,114.0
818.966388,95.46,27.17,23.99,43.72,119.0
819.990284,95.18,26.99,23.64,43.72,122.0
821.018372,95.32,27.89,25.4,43.6,121.0
822.04756,95.46,28.16,25.75,43.6,119.0
823.075408,95.46,26.99,23.29,43.72,119.0
824.103232,95.18,26.46,22.6,44.06,122.0
825.133832,95.46,27.17,23.99,43.83,119.0
826.158796,95.32,28.16,25.66,43.6,120.0
827.190148,95.32,27.8,25.04,43.6,120.0
828.222192,95.32,27.89,25.4,43.72,120.0
829.251568,95.46,27.35,23.99,43.95,119.0
830.279304,95.32,26.28,22.42,43.6,120.0
831.311432,95.32,26.37,22.6,43.83,120.0
832.342116,95.18,26.82,23.03,43.83,122.0
833.372392,95.18,27.35,24.25,43.72,122.0
834.399672,95.18,28.25,25.75,43.83,122.0
835.429112,95.46,27.62,24.87,43.72,119.0
836.454552,95.32,26.02,22.16,43.83,120.0
837.48552,95.18,26.46,22.6,43.95,121.0
838.514348,95.32,27.62,24.69,43.95,120.0
839.544412,95.18,27.71,24.96,43.72,121.0
840.567484,95.18,26.37,22.51,43.83,121.0
841.593392,95.18,27.53,24.6,43.72,121.0
842.619656,95.46,28.34,25.75,43.83,119.0
843.647512,95.46,26.99,23.47,43.72,119.0
844.673596,95.18,26.99,23.55,43.83,121.0
845.702376,95.18,27.62,24.96,43.83,121.0
846.729204,95.32,27.44,24.87,43.83,120.0
847.756984,95.18,26.64,22.86,43.72,121.0
848.78428,95.32,27.17,23.64,43.83,120.0
849.811292,95.18,28.07,25.48,43.72,121.0
850.838164,95.32,27.17,23.9,43.72,120.0
851.86506,95.18,26.1,22.25,43.83,121.0
852.893116,95.05,27.44,24.52,43.95,122.0
853.922632,95.18,27.62,25.04,43.72,121.0
854.949136,95.18,27.26,23.99,43.95,121.0
855.976296,95.05,26.28,22.51,44.06,122.0
857.007712,94.78,26.19,22.51,43.83,125.0
858.034796,95.05,27.71,24.96,43.83,122.0
859.06236,95.05,28.34,25.84,43.95,122.0
860.093876,95.18,28.16,25.57,43.95,121.0
861.120604,95.05,26.55,22.86,43.95,122.0
862.153312,95.18,27.08,23.73,44.06,121.0
863.180092,94.91,26.55,22.86,43.95,124.0
864.2096,95.05,27.17,24.17,43.95,122.0
865.234676,95.05,27.8,25.22,43.95,122.0
866.266436,95.18,27.53,24.96,43.95,121.0
867.2934,95.18,26.46,22.68,44.06,121.0
868.322216,95.05,26.37,22.6,43.95,122.0
869.35342,94.91,26.64,23.12,44.06,124.0
870.380312,95.05,27.8,25.31,43.95,122.0
871.410448,95.18,28.07,25.57,44.06,121.0
872.438096,95.05,26.91,23.47,44.06,122.0
873.467308,95.05,26.73,23.12,44.18,122.0
874.494868,95.32,26.99,23.55,43.95,120.0
875.526672,95.05,26.73,23.29,44.06,122.0
876.557224,95.18,27.35,24.25,43.95,121.0
877.5844,95.18,28.16,25.66,44.06,121.0
878.612484,95.32,27.17,23.99,44.06,120.0
879.6402,95.18,26.46,22.68,44.18,121.0
880.667312,94.91,27.53,24.6,44.18,124.0
881.693348,95.05,28.16,25.84,43.95,122.0
882.724184,95.18,27.62,24.78,44.18,121.0
883.748756,95.18,26.19,22.25,44.53,121.0
884.775956,95.18,27.8,25.04,44.18,121.0
885.802944,95.18,27.53,24.69,44.18,121.0
886.82836,95.05,25.93,22.08,44.18,122.0
887.859608,95.05,26.1,22.42,44.06,122.0
888.890668,95.05,26.64,22.94,44.18,122.0
889.920324,95.05,27.26,24.25,44.18,122.0
890.949272,95.18,27.8,25.13,44.18,121.0
891.97466,95.18,26.82,23.29,44.18,121.0
893.001916,95.05,26.28,22.6,44.18,122.0
894.033408,95.18,26.46,22.77,44.18,121.0
895.05772,95.18,28.61,26.28,44.3,121.0
896.085656,95.32,26.99,23.55,44.06,119.0
897.115364,95.32,26.91,23.21,44.3,119.0
898.142232,95.05,27.44,24.52,44.3,122.0
899.171984,95.32,27.53,24.69,44.18,119.0
900.198324,95.46,27.53,24.43,44.3,118.0
901.225492,95.32,26.46,22.6,44.3,119.0
902.255436,95.46,26.55,22.77,44.3,118.0
903.28302,95.18,27.71,25.13,44.18,120.0
904.307124,95.32,26.91,23.38,44.3,119.0
905.335224,95.18,26.19,22.42,44.3,120.0
906.364432,95.18,27.26,24.17,44.3,120.0
907.39114,95.32,28.34,25.93,44.41,119.0
908.418056,95.18,26.55,22.94,44.3,120.0
909.448864,95.32,26.91,23.29,44.3,119.0
910.47698,95.46,26.99,23.38,44.3,118.0
911.506156,95.18,27.53,24.69,44.3,120.0
912.535204,95.59,28.07,25.57,44.3,116.0
913.564076,95.18,27.44,24.43,44.41,120.0
914.58932,95.18,26.1,22.16,44.3,120.0
915.618292,95.18,27.35,24.43,44.3,120.0
916.646724,95.32,27.98,25.57,44.53,119.0
917.6739,95.32,27.08,23.64,44.41,119.0
918.700144,95.18,26.37,22.42,44.41,120.0
919.72692,95.05,27.98,25.66,44.41,121.0
920.754516,95.32,27.26,24.08,44.41,119.0
921.781184,95.18,26.28,22.6,44.41,120.0
922.810572,95.18,27.08,23.82,44.53,120.0
923.840472,95.05,27.53,24.52,44.3,121.0
924.869532,95.18,27.98,25.48,44.53,120.0
925.898628,95.32,27.53,24.87,44.53,119.0
926.925036,95.32,26.28,22.42,44.41,119.0
927.952368,95.05,27.62,24.69,44.41,121.0
928.979188,95.32,28.25,25.66,44.41,118.0
930.007512,95.32,27.08,23.73,44.53,118.0
931.03472,95.18,26.1,22.34,44.3,120.0
932.063944,95.05,27.44,24.43,44.53,121.0
933.090836,95.32,28.25,25.66,44.53,118.0
934.120876,95.32,27.89,25.31,44.41,118.0
935.146044,95.18,26.1,21.99,44.53,120.0
936.174288,95.32,27.44,24.43,44.41,118.0
937.198652,95.32,27.44,24.25,44.53,118.0
938.225696,95.32,26.46,22.6,44.65,118.0
939.255712,95.18,26.37,22.6,44.65,120.0
940.285608,95.18,27.44,24.08,44.41,120.0
941.312372,95.18,28.34,25.66,44.53,120.0
942.342432,95.46,28.07,25.57,44.65,117.0
943.369072,95.32,26.55,22.68,44.65,118.0
944.399456,95.32,26.64,22.77,44.65,118.0
945.426304,94.91,27.71,24.87,44.53,122.0
946.44978,95.32,27.08,23.73,44.53,118.0
947.476984,95.73,26.19,22.42,44.65,114.0
948.502964,95.32,28.16,25.66,44.41,118.0
949.529844,95.46,27.35,24.17,44.65,117.0
950.553484,95.32,27.08,23.73,44.65,118.0
951.581004,95.32,28.07,25.57,44.53,118.0
952.60916,95.46,27.35,24.52,44.65,116.0
953.637024,95.32,26.73,23.12,44.65,118.0
954.663768,95.18,27.35,24.08,44.53,119.0
955.69106,95.18,28.07,25.57,44.53,119.0
956.717908,95.32,26.91,23.47,44.65,118.0
957.744444,95.18,26.37,22.51,44.65,119.0
958.77038,95.32,28.16,25.84,44.53,118.0
959.7987,95.18,27.44,24.6,44.65,119.0
960.825156,95.32,26.28,22.42,44.88,118.0
961.85492,95.32,26.82,23.29,44.77,118.0
962.88206,95.18,27.98,25.48,44.65,119.0
963.909404,95.32,27.35,24.34,44.88,117.0
964.935348,95.05,26.1,22.25,44.88,120.0
965.96758,95.05,26.19,22.6,44.77,120.0
966.996668,95.18,27.35,24.43,44.65,119.0
968.02274,95.32,28.16,25.75,44.65,117.0
969.049052,95.18,26.46,22.6,44.88,119.0
970.077836,95.18,26.82,23.12,44.77,119.0
971.102476,95.32,28.52,26.28,44.77,117.0
972.128792,95.32,26.46,22.68,44.77,117.0
973.154224,95.05,27.71,24.96,44.77,120.0
974.179832,95.32,27.08,23.9,44.77,117.0
975.205188,95.05,26.55,22.77,44.77,120.0
976.233036,95.18,27.8,25.04,44.77,119.0
977.258696,95.18,27.17,23.9,44.65,119.0
978.283632,94.91,26.91,23.64,44.77,121.0
979.306596,95.46,27.44,24.34,44.65,116.0
980.332508,95.05,26.28,22.42,44.77,120.0
981.362348,95.05,27.35,24.34,44.65,120.0
982.392392,95.32,27.44,24.69,44.77,117.0
